{
    "intents": [
        {
            "tag": "greeting",
            "patterns": [
                "Hi",
                "Hello",
                "Hey",
                "Good morning",
                "Good evening"
            ],
            "responses": [
                "Hello! How can I assist you today?",
                "Hi there! What can I help you with?",
                "Greetings! How may I assist you?"
            ]
        },
        {
            "tag": "farewell",
            "patterns": [
                "Bye",
                "Goodbye",
                "See you later",
                "Talk to you soon"
            ],
            "responses": [
                "Goodbye! Have a great day!",
                "See you later! Take care!",
                "Bye! Feel free to reach out anytime."
            ]
        },
        {
            "tag": "ticket_booking",
            "patterns": [
                "I want to book a ticket",
                "Book a museum visit",
                "Buy tickets for a museum",
                "I need tickets",
                "Can I purchase museum tickets?"
            ],
            "responses": [
                "Are you searching for a particular museum or would you like recommendations?",
                "Would you like to search for a specific museum or see suggestions?"
            ]
        },
        {
            "tag": "recommend",
            "patterns": [
                "Suggest a museum",
                "I need recommendations",
                "What museums are available?",
                "Recommend a good museum"
            ],
            "responses": [
                "Here are some categories: Art, History, Science, Technology. Which one are you interested in?",
                "I can recommend museums in categories like Art, History, or Science. Please choose one."
            ]
        },
        {
            "tag": "search_museum",
            "patterns": [
                "Search for a museum",
                "Find a museum for me",
                "I want to search for a museum",
                "Look up museums"
            ],
            "responses": [
                "Please provide the name of the museum you're looking for.",
                "Enter the name of the museum you'd like to visit."
            ]
        },
        {
            "tag": "ticket_price",
            "patterns": [
                "How much is the ticket?",
                "Ticket price for this museum",
                "What are the ticket prices?",
                "Cost of tickets",
                "Show ticket prices"
            ],
            "responses": [
                "Please let me know if you're an Indian or a Foreigner to provide accurate pricing.",
                "Are you an Indian or a Foreigner? I'll show you the ticket prices accordingly."
            ]
        },
        {
            "tag": "booking_management",
            "patterns": [
                "I want to manage my booking",
                "Modify my ticket",
                "Change my booking",
                "Cancel my reservation",
                "Update my ticket"
            ],
            "responses": [
                "Would you like to change the date, change the time slot, or cancel the booking?",
                "Please select an option: Change date, Change time, or Cancel booking."
            ]
        },
        {
            "tag": "change_date",
            "patterns": [
                "Change the date of my visit",
                "Update visit date",
                "I need to reschedule my visit",
                "Can I change my booking date?"
            ],
            "responses": [
                "Please provide the new date you'd like to visit.",
                "Enter the new date for your visit, and I'll update your booking."
            ]
        },
        {
            "tag": "change_time",
            "patterns": [
                "Change the time of my visit",
                "Update visit time",
                "I need to reschedule my time slot",
                "Can I change my booking time?"
            ],
            "responses": [
                "Please provide the new time you'd like to visit.",
                "Enter the new time for your visit, and I'll update your booking."
            ]
        },
        {
            "tag": "cancel_booking",
            "patterns": [
                "Cancel my booking",
                "I want to cancel my reservation",
                "Can I cancel my ticket?",
                "Delete my booking"
            ],
            "responses": [
                "If your visit is within 24 hours, only 50% will be refunded. Otherwise, a full refund will be processed. Do you want to proceed?",
                "Cancellation policy: 50% refund if within 24 hours of visit, full refund otherwise. Shall I proceed?"
            ]
        },
        {
            "tag": "museum_categories",
            "patterns": [
                "What categories of museums do you have?",
                "Show me museum categories",
                "Types of museums available"
            ],
            "responses": [
                "Here are the categories: Art, History, Science, Technology. Please choose one.",
                "We have museums in these categories: Art, History, Science, Technology."
            ]
        },
        {
            "tag": "thank_you",
            "patterns": [
                "Thank you",
                "Thanks",
                "I appreciate it",
                "Thank you so much"
            ],
            "responses": [
                "You're welcome! Let me know if you need further assistance.",
                "Happy to help! Let me know if there's anything else."
            ]
        }
    ]
}
